[
    {
        "nome" : "hoodie rossa",
        "colore" : "rosso",
        "stile" : "casual/tuta",
        "stagione" : "inverno",
        "foto" : "vestiti\\felpe\\hoodie rossa.png",
        "tipo" : "hoodie"
    },
    {
        "nome" : "hoodie blu",
        "colore" : "blu",
        "stile" : "casual/tuta",
        "stagione" : "inverno",
        "foto" : "vestiti\\felpe\\hoodie blu.png",
        "tipo" : "hoodie"
    },
    {
        "nome" : "hoodie gialla",
        "colore" : "gliallo",
        "stile" : "casual/tuta",
        "stagione" : "inverno",
        "foto" : "vestiti\\felpe\\hoodie gialla.png",
        "tipo" : "hoodie"
    },
    {
        "nome" : "hoodie nera",
        "colore" : "nero",
        "stile" : "casual/tuta",
        "stagione" : "inverno",
        "foto" : "vestiti\\felpe\\hoodie nera.png",
        "tipo" : "hoodie"
    },
    {
        "nome" : "hoodie bianca",
        "colore" : "bianco",
        "stile" : "casual/tuta",
        "stagione" : "inverno",
        "foto" : "vestiti\\felpe\\hoodie bianca.png",
        "tipo" : "hoodie"
    },
    {
        "nome" : "maglione rosso",
        "colore" : "rosso",
        "stile" : "elegante",
        "stagione" : "inverno",
        "foto" : "vestiti\\felpe\\maglione rosso.png",
        "tipo" : "maglione"
    },
    {
        "nome" : "maglione giallo",
        "colore" : "giallo",
        "stile" : "elegante",
        "stagione" : "inverno",
        "foto" : "vestiti\\felpe\\maglione giallo.png",
        "tipo" : "maglione"
    },
    {
        "nome" : "maglione blu",
        "colore" : "blu",
        "stile" : "elegante",
        "stagione" : "inverno",
        "foto" : "vestiti\\felpe\\maglione blu.png",
        "tipo" : "maglione"
    },
    {
        "nome" : "maglione bianco",
        "colore" : "bianco",
        "stile" : "elegante",
        "stagione" : "inverno",
        "foto" : "vestiti\\felpe\\maglione bianco.png",
        "tipo" : "maglione"
    },
    {
        "nome" : "maglione nero",
        "colore" : "nero",
        "stile" : "elegante",
        "stagione" : "inverno",
        "foto" : "vestiti\\felpe\\maglione nero.png",
        "tipo" : "maglione"
    },
    {
        "nome" : "zip hoodie blu",
        "colore" : "blu",
        "stile" : "casual/tuta",
        "stagione" : "primavera/autunno",
        "foto" : "vestiti\\felpe\\zip hoodie blu.png",
        "tipo" : "zip hoodie"
    },
    {
        "nome" : "zip hoodie gialla",
        "colore" : "giallo",
        "stile" : "casual/tuta",
        "stagione" : "primavera/autunno",
        "foto" : "vestiti\\felpe\\zip hoodie gialla.png",
        "tipo" : "zip hoodie"
    },
    {
        "nome" : "zip hoodie rossa",
        "colore" : "rosso",
        "stile" : "casual/tuta",
        "stagione" : "primavera/autunno",
        "foto" : "vestiti\\felpe\\zip hoodie rossa.png",
        "tipo" : "zip hoodie"
    },
    {
        "nome" : "zip hoodie bianca",
        "colore" : "bianco",
        "stile" : "casual/tuta",
        "stagione" : "primavera",
        "foto" : "vestiti\\felpe\\zip hoodie bianca.png",
        "tipo" : "zip hoodie"
    },
    {
        "nome" : "zip hoodie nera",
        "colore" : "nero",
        "stile" : "casual/tuta",
        "stagione" : "autunno",
        "foto" : "vestiti\\felpe\\zip hoodie nera.png",
        "tipo" : "zip hoodie"
    }
]