[
    {
        "nome" : "giacca di pelle",
        "colore" : "nero",
        "stile" : "casual",
        "stagione" : "autunno/primavera",
        "foto" : "vestiti\\giacche\\giacca pelle.png",
        "tipo" : "giacca di pelle"
    },
    {
        "nome" : "puffer nero",
        "colore" : "nero",
        "stile" : "tutto",
        "stagione" : "inverno",
        "foto" : "vestiti\\giacche\\puffer nero.png",
        "tipo" : "puffer"
    },
    {
        "nome" : "smanicato nero",
        "colore" : "nero",
        "stile" : "tuta",
        "stagione" : "autunno/primavera",
        "foto" : "vestiti\\giacche\\smanicato nero.png",
        "tipo" : "smanicato"
    }
]