[
    {
        "nome" : "t-shirt blu",
        "colore" : "blu",
        "stile" : "tuta/casual",
        "stagione" : "tutto",
        "foto" : "vestiti\\maglie\\tee blu.png",
        "tipo" : "t-shirt"
    },
    {
        "nome" : "t-shirt gialla",
        "colore" : "giallo",
        "stile" : "tuta/casual",
        "stagione" : "tutto",
        "foto" : "vestiti\\maglie\\tee gialla.png",
        "tipo" : "t-shirt"
    },
    {
        "nome" : "t-shirt rossa",
        "colore" : "rosso",
        "stile" : "tuta/casual",
        "stagione" : "tutto",
        "foto" : "vestiti\\maglie\\tee rossa.png",
        "tipo" : "t-shirt"
    },
    {
        "nome" : "t-shirt nera",
        "colore" : "nero",
        "stile" : "tuta/casual",
        "stagione" : "tutto",
        "foto" : "vestiti\\maglie\\tee nera.png",
        "tipo" : "t-shirt"
    },
    {
        "nome" : "t-shirt bianca",
        "colore" : "bianco",
        "stile" : "tuta/casual",
        "stagione" : "tutto",
        "foto" : "vestiti\\maglie\\tee bianca.png",
        "tipo" : "t-shirt"
    },
    {
        "nome" : "camicia bianca",
        "colore" : "bianco",
        "stile" : "elegante/casual",
        "stagione" : "tutto",
        "foto" : "vestiti\\maglie\\camicia bianca.png",
        "tipo" : "camicia"
    },
    {
        "nome" : "camicia nera",
        "colore" : "nero",
        "stile" : "casual",
        "stagione" : "tutto",
        "foto" : "vestiti\\maglie\\camicia nera.png",
        "tipo" : "camicia"
    },
    {
        "nome" : "camicia corta bianca",
        "colore" : "bianco",
        "stile" : "elegante/casual",
        "stagione" : "estate",
        "foto" : "vestiti\\maglie\\camicia corta bianca.png",
        "tipo" : "camicia corta"
    },
    {
        "nome" : "camicia corta nera",
        "colore" : "nero",
        "stile" : "casual",
        "stagione" : "estate",
        "foto" : "vestiti\\maglie\\camicia corta nera.png",
        "tipo" : "camicia corta"
    }
]