[
    {
        "nome" : "jeans bianchi",
        "colore" : "bianco",
        "stile" : "casual",
        "stagione" : "tutto",
        "foto" : "vestiti\\pantaloni\\jeans bianchi.png",
        "tipo" : "jeans"
    },
    {
        "nome" : "jeans neri",
        "colore" : "nero",
        "stile" : "casual",
        "stagione" : "tutto",
        "foto" : "vestiti\\pantaloni\\jeans neri.png",
        "tipo" : "jeans"
    },
    {
        "nome" : "pantaloncini rossi",
        "colore" : "rosso",
        "stile" : "tuta",
        "stagione" : "estate",
        "foto" : "vestiti\\pantaloni\\pantaloncini rossi.png",
        "tipo" : "pantaloncini"
    },
    {
        "nome" : "pantaloncini gialli",
        "colore" : "giallo",
        "stile" : "tuta",
        "stagione" : "estate",
        "foto" : "vestiti\\pantaloni\\pantaloncini gialli.png",
        "tipo" : "pantaloncini"
    },
    {
        "nome" : "pantaloncini blu",
        "colore" : "blu",
        "stile" : "tuta",
        "stagione" : "estate",
        "foto" : "vestiti\\pantaloni\\pantaloncini blu.png",
        "tipo" : "pantaloncini"
    },
    {
        "nome" : "pantaloncini neri",
        "colore" : "nero",
        "stile" : "tuta",
        "stagione" : "estate",
        "foto" : "vestiti\\pantaloni\\pantaloncini neri.png",
        "tipo" : "pantaloncini"
    },
    {
        "nome" : "pantaloncini bianchi",
        "colore" : "bianco",
        "stile" : "tuta",
        "stagione" : "estate",
        "foto" : "vestiti\\pantaloni\\pantaloncini bianchi.png",
        "tipo" : "pantaloncini"
    },
    {
        "nome" : "pantaloni eleganti neri",
        "colore" : "nero",
        "stile" : "elegante",
        "stagione" : "inverno",
        "foto" : "vestiti\\pantaloni\\pantaloni eleganti neri.png",
        "tipo" : "pantaloni eleganti"
    },
    {
        "nome" : "pantaloni eleganti bianchi",
        "colore" : "bianco",
        "stile" : "elegante",
        "stagione" : "estate",
        "foto" : "vestiti\\pantaloni\\pantaloni eleganti bianchi.png",
        "tipo" : "pantaloni eleganti"
    },
    {
        "nome" : "tuta rossa",
        "colore" : "rosso",
        "stile" : "tuta",
        "stagione" : "inverno",
        "foto" : "vestiti\\pantaloni\\tuta rossa.png",
        "tipo" : "pantaloni tuta"
    },
    {
        "nome" : "tuta gialla",
        "colore" : "giallo",
        "stile" : "tuta",
        "stagione" : "inverno",
        "foto" : "vestiti\\pantaloni\\tuta gialla.png",
        "tipo" : "pantaloni tuta"
    },
    {
        "nome" : "tuta blu",
        "colore" : "blu",
        "stile" : "tuta",
        "stagione" : "inverno",
        "foto" : "vestiti\\pantaloni\\tuta blu.png",
        "tipo" : "pantaloni tuta"
    },
    {
        "nome" : "tuta nera",
        "colore" : "nero",
        "stile" : "tuta",
        "stagione" : "inverno",
        "foto" : "vestiti\\pantaloni\\tuta nera.png",
        "tipo" : "pantaloni tuta"
    },
    {
        "nome" : "tuta bianca",
        "colore" : "bianco",
        "stile" : "tuta",
        "stagione" : "inverno",
        "foto" : "vestiti\\pantaloni\\tuta bianca.png",
        "tipo" : "pantaloni tuta"
    }
]