[
    {
        "nome" : "air force 1",
        "colore" : "bianco",
        "stile" : "tutto",
        "stagione" : "tutto",
        "foto" : "vestiti\\scarpe\\air force 1.png",
        "tipo" : "sneaker"
    },
    {
        "nome" : "mocassini",
        "colore" : "nero",
        "stile" : "elegante",
        "stagione" : "tutto",
        "foto" : "vestiti\\scarpe\\mocassini.png",
        "tipo" : "scarpe"
    },
    {
        "nome" : "yeezy slide",
        "colore" : "nero",
        "stile" : "tuta",
        "stagione" : "estate",
        "foto" : "vestiti\\scarpe\\yeezy slide.png",
        "tipo" : "sneaker"
    }
]